元ファイル,キャビティ厚み[mm],加熱シリンダ温度[℃],射出速度[mm/s],(1)HA-V05_抽出ピーク値(V),(1)HA-V05_抽出ピーク時間(s),(1)HA-V05_0.7秒前の値(V),(1)HA-V05_0.7秒前の時間(s),(1)HA-V05_立ち上がり値(V),(1)HA-V05_立ち上がり時間(s)
001_190℃_020_0.5mm.csv,0.5,190,20,3.616433056,2.77772,1.308511634,2.07772,2.00082562,2.76881
002_190℃_020_0.5mm.csv,0.5,190,20,3.645101442,2.77123,1.310608608,2.071225,2.000746016,2.762355
003_190℃_020_0.5mm.csv,0.5,190,20,3.650079632,2.77434,1.314574936,2.07434,2.00044212,2.765485
004_190℃_020_0.5mm.csv,0.5,190,20,3.656614806,2.773435,1.318268294,2.07343,2.001559607,2.764555
005_190℃_020_0.5mm.csv,0.5,190,20,3.660259293,2.77189,1.318026799,2.07189,2.001067205,2.76303
006_190℃_040_0.5mm.csv,0.5,190,40,3.660679433,2.35322,1.318548584,1.65322,2.002024355,2.343005
007_190℃_040_0.5mm.csv,0.5,190,40,3.677918888,2.345925,1.319522505,1.645925,2.000470381,2.33595
008_190℃_040_0.5mm.csv,0.5,190,40,3.676994857,2.354715,1.320531287,1.654715,2.000666634,2.344355
009_190℃_040_0.5mm.csv,0.5,190,40,3.678290383,2.35324,1.323514275,1.65324,2.00211573,2.34297
010_190℃_040_0.5mm.csv,0.5,190,40,3.68091776,2.350305,1.322742665,1.650305,2.000331375,2.340075
011_190℃_080_0.5mm.csv,0.5,190,80,3.898369404,2.147675,1.324239619,1.447675,2.001817904,2.134075
012_190℃_080_0.5mm.csv,0.5,190,80,3.902757541,2.14263,1.325087112,1.44263,2.000366938,2.1291
013_190℃_080_0.5mm.csv,0.5,190,80,3.905140184,2.14262,1.325218015,1.44262,2.001633364,2.12912
014_190℃_080_0.5mm.csv,0.5,190,80,3.910901324,2.141595,1.322666357,1.441595,2.002094502,2.12796
015_190℃_080_0.5mm.csv,0.5,190,80,3.908460967,2.142645,1.326102522,1.442645,2.000892001,2.12919
016_190℃_120_0.5mm.csv,0.5,190,120,4.340630171,2.101475,1.32193005,1.401475,2.002310238,2.05924
017_190℃_120_0.5mm.csv,0.5,190,120,4.351535902,2.104475,1.324175588,1.404475,2.002198017,2.061235
018_190℃_120_0.5mm.csv,0.5,190,120,4.349562779,2.10341,1.325796794,1.40341,2.002292226,2.059515
019_190℃_120_0.5mm.csv,0.5,190,120,4.368844933,2.102215,1.327887003,1.402215,2.002080937,2.058925
020_190℃_120_0.5mm.csv,0.5,190,120,4.373672002,2.10752,1.329293569,1.40752,2.000537665,2.05976
021_190℃_160_0.5mm.csv,0.5,190,160,4.371083599,2.057075,1.323690327,1.357075,2.001723067,2.026775
022_190℃_160_0.5mm.csv,0.5,190,160,4.378432299,2.05856,1.326638318,1.35856,2.001069556,2.025135
023_190℃_160_0.5mm.csv,0.5,190,160,4.396927507,2.059925,1.32709171,1.359925,2.000373555,2.025675
024_190℃_160_0.5mm.csv,0.5,190,160,4.393744655,2.05796,1.326427301,1.35796,2.001714136,2.025175
025_190℃_160_0.5mm.csv,0.5,190,160,4.398710057,2.059755,1.330048101,1.359755,2.000414739,2.02522
026_190℃_200_0.5mm.csv,0.5,190,200,4.387162433,2.03688,1.331003729,1.33688,2.000250071,2.0054
027_190℃_200_0.5mm.csv,0.5,190,200,4.390527517,2.03482,1.331092046,1.33482,2.002245754,2.005885
028_190℃_200_0.5mm.csv,0.5,190,200,4.408206458,2.033095,1.33114804,1.333095,2.00254965,2.005025
029_190℃_200_0.5mm.csv,0.5,190,200,4.39874067,2.036535,1.333015737,1.336535,2.002105067,2.005655
030_190℃_200_0.5mm.csv,0.5,190,200,4.376306404,2.03637,1.336948099,1.33637,2.002110549,2.004975
031_190℃_240_0.5mm.csv,0.5,190,240,4.386249653,2.01958,1.328211317,1.31958,2.002234105,1.991555
032_190℃_240_0.5mm.csv,0.5,190,240,4.421434184,2.017505,1.329928158,1.317505,2.00070946,1.99037
033_190℃_240_0.5mm.csv,0.5,190,240,4.421564881,2.02561,1.329445707,1.32561,2.001404019,1.991155
034_190℃_240_0.5mm.csv,0.5,190,240,4.404714884,2.020455,1.329039006,1.320455,2.000026596,1.99153
035_190℃_240_0.5mm.csv,0.5,190,240,4.40961981,2.01992,1.330956053,1.31992,2.001911997,1.99104
001_210℃_020_0.5mm.csv,0.5,210,20,3.836863556,2.77937,1.335468649,2.079365,2.002131492,2.76929
002_210℃_020_0.5mm.csv,0.5,210,20,3.830461413,2.773115,1.3350648,2.073115,2.000927459,2.763285
003_210℃_020_0.5mm.csv,0.5,210,20,3.81530253,2.76991,1.33611043,2.06991,2.000918764,2.760135
004_210℃_020_0.5mm.csv,0.5,210,20,3.817018978,2.770765,1.340030544,2.070765,2.000072233,2.760585
005_210℃_020_0.5mm.csv,0.5,210,20,3.8181927,2.770925,1.337733718,2.07092,2.001453823,2.76117
006_210℃_040_0.5mm.csv,0.5,210,40,4.001417354,2.33845,1.326372219,1.63845,2.002108642,2.3302
007_210℃_040_0.5mm.csv,0.5,210,40,4.013512372,2.33423,1.331194064,1.63423,2.002139573,2.32602
008_210℃_040_0.5mm.csv,0.5,210,40,4.004408058,2.339445,1.334558662,1.639445,2.002305729,2.331165
009_210℃_040_0.5mm.csv,0.5,210,40,4.012117747,2.333605,1.333897913,1.633605,2.001749196,2.32544
010_210℃_040_0.5mm.csv,0.5,210,40,4.02964734,2.32425,1.336146101,1.62425,2.000625861,2.316195
011_210℃_080_0.5mm.csv,0.5,210,80,4.225883965,2.13221,1.341252276,1.43221,2.00001541,2.121935
012_210℃_080_0.5mm.csv,0.5,210,80,4.237768165,2.13521,1.337946996,1.43521,2.002358425,2.124895
013_210℃_080_0.5mm.csv,0.5,210,80,4.241409031,2.13116,1.338317004,1.43116,2.002956356,2.12096
014_210℃_080_0.5mm.csv,0.5,210,80,4.241881949,2.13083,1.338384425,1.43083,2.002174925,2.12063
015_210℃_080_0.5mm.csv,0.5,210,80,4.242443865,2.13113,1.335799565,1.43113,2.000938494,2.12098
016_210℃_120_0.5mm.csv,0.5,210,120,4.689903822,2.10146,1.337082861,1.40146,2.002652359,2.055275
017_210℃_120_0.5mm.csv,0.5,210,120,4.696304479,2.09978,1.338337226,1.39978,2.003393393,2.05435
018_210℃_120_0.5mm.csv,0.5,210,120,4.711238661,2.101635,1.335874411,1.401635,2.001559535,2.05447
019_210℃_120_0.5mm.csv,0.5,210,120,4.703003496,2.102055,1.336127255,1.402055,2.002386189,2.056495
020_210℃_120_0.5mm.csv,0.5,210,120,4.719639366,2.10676,1.338043473,1.40676,2.001757725,2.058735
021_210℃_160_0.5mm.csv,0.5,210,160,4.748119885,2.05994,1.343221369,1.35994,2.002665358,2.023565
022_210℃_160_0.5mm.csv,0.5,210,160,4.761931518,2.060735,1.343427158,1.360735,2.001732835,2.02278
023_210℃_160_0.5mm.csv,0.5,210,160,4.76815471,2.05699,1.344070408,1.35699,2.002391224,2.021985
024_210℃_160_0.5mm.csv,0.5,210,160,4.769872218,2.05887,1.344648623,1.35887,2.001802847,2.02261
025_210℃_160_0.5mm.csv,0.5,210,160,4.791954407,2.056675,1.345195337,1.356675,2.002659329,2.01991
026_210℃_200_0.5mm.csv,0.5,210,200,4.764667093,2.036065,1.340190733,1.336065,2.000597483,2.006395
027_210℃_200_0.5mm.csv,0.5,210,200,4.779945511,2.031525,1.34161234,1.331525,2.002833742,2.001555
028_210℃_200_0.5mm.csv,0.5,210,200,4.792989546,2.031405,1.342564375,1.331405,2.000520684,2.00138
029_210℃_200_0.5mm.csv,0.5,210,200,4.800906802,2.0287,1.34573157,1.3287,2.001840638,2.000425
030_210℃_200_0.5mm.csv,0.5,210,200,4.791491318,2.03192,1.343693937,1.331915,2.00347317,2.001515
031_210℃_240_0.5mm.csv,0.5,210,240,4.787509238,2.013445,1.331732079,1.313445,2.000347631,1.98728
032_210℃_240_0.5mm.csv,0.5,210,240,4.788079594,2.01373,1.338811436,1.31373,2.001656445,1.988
033_210℃_240_0.5mm.csv,0.5,210,240,4.809868555,2.013435,1.337196003,1.313435,2.002592896,1.98673
034_210℃_240_0.5mm.csv,0.5,210,240,4.802617044,2.01392,1.336806847,1.31392,2.00307295,1.987255
035_210℃_240_0.5mm.csv,0.5,210,240,4.796363392,2.01459,1.343442996,1.31459,2.001961207,1.9876
001_230℃_020_0.5mm.csv,0.5,230,20,3.888656433,2.774195,1.33220579,2.074195,2.001749211,2.76525
002_230℃_020_0.5mm.csv,0.5,230,20,3.870365588,2.74305,1.332589727,2.04305,2.001338903,2.734345
003_230℃_020_0.5mm.csv,0.5,230,20,3.908298828,2.76051,1.337214693,2.060505,2.000581463,2.751765
004_230℃_020_0.5mm.csv,0.5,230,20,3.91121526,2.76359,1.332139584,2.06359,2.001856564,2.754785
005_230℃_020_0.5mm.csv,0.5,230,20,3.910380166,2.761815,1.334664904,2.061815,2.000532252,2.75301
006_230℃_040_0.5mm.csv,0.5,230,40,4.373408796,2.332945,1.338729524,1.632945,2.001274078,2.32542
007_230℃_040_0.5mm.csv,0.5,230,40,4.379698058,2.329685,1.340842668,1.629685,2.000220911,2.322175
008_230℃_040_0.5mm.csv,0.5,230,40,4.379437495,2.329665,1.339141874,1.629665,2.000303839,2.32216
009_230℃_040_0.5mm.csv,0.5,230,40,4.384506092,2.327425,1.340894201,1.627425,2.002637345,2.319925
010_230℃_040_0.5mm.csv,0.5,230,40,4.384177348,2.333575,1.343189595,1.633575,2.001207145,2.326075
011_230℃_080_0.5mm.csv,0.5,230,80,4.607048717,2.128865,1.341530404,1.428865,2.003733584,2.120155
012_230℃_080_0.5mm.csv,0.5,230,80,4.616945388,2.1283,1.340488266,1.4283,2.001098627,2.119585
013_230℃_080_0.5mm.csv,0.5,230,80,4.621574213,2.127225,1.338899686,1.427225,2.003870614,2.118565
014_230℃_080_0.5mm.csv,0.5,230,80,4.62321758,2.131255,1.340069691,1.431255,2.001036705,2.122565
015_230℃_080_0.5mm.csv,0.5,230,80,4.622797576,2.130335,1.339482503,1.430335,2.003591076,2.1217
016_230℃_120_0.5mm.csv,0.5,230,120,5.01177776,2.10362,1.339017066,1.40362,2.004148519,2.05313
017_230℃_120_0.5mm.csv,0.5,230,120,5.025402197,2.1057,1.338738947,1.4057,2.003978763,2.05421
018_230℃_120_0.5mm.csv,0.5,230,120,5.018736559,2.100695,1.338888871,1.400695,2.002493872,2.05224
019_230℃_120_0.5mm.csv,0.5,230,120,5.025149009,2.101635,1.341109795,1.401635,2.004250741,2.05225
020_230℃_120_0.5mm.csv,0.5,230,120,5.021322978,2.103985,1.34056058,1.403985,2.00264696,2.05307
021_230℃_160_0.5mm.csv,0.5,230,160,5.066075574,2.062205,1.342435952,1.362205,2.003193206,2.02556
022_230℃_160_0.5mm.csv,0.5,230,160,5.084014228,2.05787,1.340834129,1.35787,2.001188081,2.020485
023_230℃_160_0.5mm.csv,0.5,230,160,5.083894224,2.059365,1.344363399,1.359365,2.000015363,2.02111
024_230℃_160_0.5mm.csv,0.5,230,160,5.078567325,2.060275,1.339160015,1.360275,2.003819585,2.022055
025_230℃_160_0.5mm.csv,0.5,230,160,5.09149269,2.05884,1.345957366,1.35884,2.004442839,2.020355
026_230℃_200_0.5mm.csv,0.5,230,200,5.10571777,2.032395,1.342361684,1.332395,2.001862744,2.000495
027_230℃_200_0.5mm.csv,0.5,230,200,5.104722997,2.032545,1.343853512,1.332545,2.000371475,2.00151
028_230℃_200_0.5mm.csv,0.5,230,200,5.109538381,2.03354,1.341635766,1.33354,2.002999375,2.001515
029_230℃_200_0.5mm.csv,0.5,230,200,5.110863325,2.0377,1.345906328,1.3377,2.002631329,2.005615
030_230℃_200_0.5mm.csv,0.5,230,200,5.115048765,2.037845,1.345952572,1.337845,2.002780153,2.00552
031_230℃_240_0.5mm.csv,0.5,230,240,5.108833693,2.01603,1.34494718,1.31603,2.003145062,1.98741
032_230℃_240_0.5mm.csv,0.5,230,240,5.110378244,2.016395,1.344359443,1.316395,2.002166971,1.98764
033_230℃_240_0.5mm.csv,0.5,230,240,5.116197818,2.017125,1.343585066,1.317125,2.002995066,1.98786
034_230℃_240_0.5mm.csv,0.5,230,240,5.122044244,2.02032,1.344209135,1.32032,2.003196356,1.99128
035_230℃_240_0.5mm.csv,0.5,230,240,5.130864087,2.015395,1.341423024,1.315395,2.000378981,1.986815
001_190℃_010_1.0mm.csv,1,190,10,3.470497865,3.52475,1.27158872,2.82475,2.000489153,3.5084
002_190℃_010_1.0mm.csv,1,190,10,3.508613988,3.51473,1.276295321,2.81472,2.000969174,3.49798
003_190℃_010_1.0mm.csv,1,190,10,3.520081924,3.51241,1.283114379,2.81241,2.000355931,3.49565
004_190℃_010_1.0mm.csv,1,190,10,3.525456023,3.51658,1.287428736,2.81658,2.00066267,3.49985
005_190℃_010_1.0mm.csv,1,190,10,3.531248665,3.52437,1.288263466,2.82437,2.000740137,3.50771
006_190℃_020_1.0mm.csv,1,190,20,3.713600392,2.719125,1.313176405,2.01912,2.000662079,2.704735
007_190℃_020_1.0mm.csv,1,190,20,3.733173801,2.71397,1.317383351,2.01397,2.000273474,2.699395
008_190℃_020_1.0mm.csv,1,190,20,3.738085189,2.71465,1.322086074,2.01465,2.000998983,2.70021
009_190℃_020_1.0mm.csv,1,190,20,3.740291291,2.715335,1.324148549,2.015335,2.000957578,2.700805
010_190℃_020_1.0mm.csv,1,190,20,3.743365256,2.714585,1.325425212,2.014585,2.001077403,2.699965
011_190℃_040_1.0mm.csv,1,190,40,3.789744597,2.326175,1.337937558,1.626175,2.001459891,2.310605
012_190℃_040_1.0mm.csv,1,190,40,3.807066152,2.32501,1.337398141,1.62501,2.00052317,2.309515
013_190℃_040_1.0mm.csv,1,190,40,3.811691238,2.32491,1.337888082,1.62491,2.000887333,2.30942
014_190℃_040_1.0mm.csv,1,190,40,3.811259485,2.32413,1.338982297,1.62413,2.001570361,2.308875
015_190℃_040_1.0mm.csv,1,190,40,3.81373651,2.32438,1.342006531,1.62438,2.001672677,2.308915
016_190℃_080_1.0mm.csv,1,190,80,3.897910717,2.154175,1.344924742,1.454175,2.000888963,2.11679
017_190℃_080_1.0mm.csv,1,190,80,3.909158443,2.15428,1.343801006,1.45428,2.000436784,2.116225
018_190℃_080_1.0mm.csv,1,190,80,3.913107501,2.15196,1.347707479,1.45196,2.000824454,2.11607
019_190℃_080_1.0mm.csv,1,190,80,3.913678466,2.15197,1.351981486,1.45197,2.000716422,2.115905
020_190℃_080_1.0mm.csv,1,190,80,3.914975422,2.154835,1.355374525,1.454835,2.000752555,2.120045
021_190℃_120_1.0mm.csv,1,190,120,4.061809392,2.10222,1.348997308,1.40222,2.002236747,2.052085
022_190℃_120_1.0mm.csv,1,190,120,4.071760617,2.10154,1.356212407,1.40154,2.001529468,2.05154
023_190℃_120_1.0mm.csv,1,190,120,4.073272912,2.09825,1.354146277,1.39825,2.000084623,2.051185
024_190℃_120_1.0mm.csv,1,190,120,4.07576224,2.10074,1.359101222,1.40074,2.001076323,2.051545
025_190℃_120_1.0mm.csv,1,190,120,4.076475701,2.09881,1.357644317,1.39881,2.000500838,2.05153
026_190℃_160_1.0mm.csv,1,190,160,4.169048261,2.053915,1.36104694,1.353915,2.001909296,2.01875
027_190℃_160_1.0mm.csv,1,190,160,4.179323134,2.05441,1.35946879,1.35441,2.000296041,2.01825
028_190℃_160_1.0mm.csv,1,190,160,4.18057335,2.052575,1.361570013,1.352575,2.002528924,2.01862
029_190℃_160_1.0mm.csv,1,190,160,4.180518851,2.05413,1.356212093,1.35413,2.00086166,2.01884
030_190℃_160_1.0mm.csv,1,190,160,4.18219195,2.053685,1.359610884,1.353685,2.000960726,2.018675
031_190℃_200_1.0mm.csv,1,190,200,4.223858869,2.028105,1.354372962,1.328105,2.000635481,1.99817
032_190℃_200_1.0mm.csv,1,190,200,4.235723664,2.031655,1.35611693,1.331655,2.000299271,2.001925
033_190℃_200_1.0mm.csv,1,190,200,4.236320813,2.02768,1.358241281,1.32768,2.001740832,1.998
034_190℃_200_1.0mm.csv,1,190,200,4.238377079,2.026945,1.357906716,1.326945,2.001697392,1.99808
035_190℃_200_1.0mm.csv,1,190,200,4.242138744,2.02723,1.365776465,1.32723,2.001178776,1.997745
036_190℃_240_1.0mm.csv,1,190,240,4.255034911,2.01257,1.357916701,1.31257,2.000310066,1.984775
037_190℃_240_1.0mm.csv,1,190,240,4.266713245,2.011695,1.359993639,1.311695,2.001377375,1.98428
038_190℃_240_1.0mm.csv,1,190,240,4.26804601,2.011945,1.360645534,1.311945,2.00193421,1.98447
039_190℃_240_1.0mm.csv,1,190,240,4.267830188,2.011565,1.361956803,1.311565,2.001281917,1.984545
040_190℃_240_1.0mm.csv,1,190,240,4.269874364,2.011325,1.361773731,1.311325,2.000156687,1.98443
001_210℃_010_1.0mm.csv,1,210,10,3.960946733,3.48219,1.369649602,2.78218,2.000217729,3.46192
002_210℃_010_1.0mm.csv,1,210,10,3.972754508,3.47492,1.374665666,2.77492,2.000410402,3.45434
003_210℃_010_1.0mm.csv,1,210,10,3.977850223,3.47693,1.37160234,2.77693,2.000429105,3.45633
004_210℃_010_1.0mm.csv,1,210,10,3.984307655,3.4839,1.372001011,2.7839,2.000038634,3.46322
005_210℃_010_1.0mm.csv,1,210,10,3.98725311,3.4796,1.37693189,2.7796,2.000439574,3.45909
006_210℃_020_1.0mm.csv,1,210,20,4.198784038,2.70073,1.378820072,2.000725,2.000252029,2.684845
007_210℃_020_1.0mm.csv,1,210,20,4.216006549,2.699005,1.377119305,1.999005,2.000286898,2.68308
008_210℃_020_1.0mm.csv,1,210,20,4.220642197,2.698135,1.378923844,1.998135,2.00047896,2.682105
009_210℃_020_1.0mm.csv,1,210,20,4.222073659,2.6977,1.382578776,1.9977,2.000267879,2.681725
010_210℃_020_1.0mm.csv,1,210,20,4.222987552,2.693825,1.383926132,1.993825,2.000177727,2.677885
011_210℃_040_1.0mm.csv,1,210,40,4.272473575,2.323025,1.388578356,1.623025,2.001444977,2.30746
012_210℃_040_1.0mm.csv,1,210,40,4.287521286,2.319675,1.392955978,1.619675,2.001374393,2.304255
013_210℃_040_1.0mm.csv,1,210,40,4.28983314,2.317165,1.393944773,1.617165,2.000155759,2.30168
014_210℃_040_1.0mm.csv,1,210,40,4.291129766,2.31811,1.394945072,1.61811,2.000248799,2.30247
015_210℃_040_1.0mm.csv,1,210,40,4.291951451,2.31651,1.395401105,1.61651,2.000898336,2.30087
016_210℃_080_1.0mm.csv,1,210,80,4.349927412,2.134455,1.404965901,1.434455,2.001077993,2.11493
017_210℃_080_1.0mm.csv,1,210,80,4.363617294,2.13354,1.402604038,1.43354,2.000272326,2.11385
018_210℃_080_1.0mm.csv,1,210,80,4.366017324,2.13342,1.406264293,1.43342,2.000151782,2.114395
019_210℃_080_1.0mm.csv,1,210,80,4.365828135,2.13685,1.405925429,1.43685,2.00237401,2.11771
020_210℃_080_1.0mm.csv,1,210,80,4.366484453,2.13305,1.40619374,1.43305,2.001582724,2.11373
021_210℃_120_1.0mm.csv,1,210,120,4.46315226,2.095765,1.397820834,1.395765,2.000257685,2.049965
022_210℃_120_1.0mm.csv,1,210,120,4.471569401,2.09113,1.398258472,1.39113,2.000512257,2.05002
023_210℃_120_1.0mm.csv,1,210,120,4.473892294,2.093135,1.400741945,1.393135,2.001571799,2.049755
024_210℃_120_1.0mm.csv,1,210,120,4.4736706,2.091685,1.403688744,1.391685,2.001763166,2.04949
025_210℃_120_1.0mm.csv,1,210,120,4.474116671,2.094815,1.399664418,1.394815,2.000994473,2.053725
026_210℃_160_1.0mm.csv,1,210,160,4.56036049,2.052525,1.399180941,1.352525,2.002727998,2.01762
027_210℃_160_1.0mm.csv,1,210,160,4.569969137,2.05165,1.395746692,1.35165,2.000101705,2.016965
028_210℃_160_1.0mm.csv,1,210,160,4.571867721,2.05134,1.395783387,1.35134,2.000344209,2.0171
029_210℃_160_1.0mm.csv,1,210,160,4.573383407,2.052765,1.39476185,1.35276,2.00315032,2.016955
030_210℃_160_1.0mm.csv,1,210,160,4.574215837,2.051675,1.399745227,1.351675,2.002356262,2.017095
031_210℃_200_1.0mm.csv,1,210,200,4.617009989,2.02711,1.394646317,1.32711,2.002255099,1.997355
032_210℃_200_1.0mm.csv,1,210,200,4.626204069,2.026885,1.393967409,1.326885,2.002845388,1.99729
033_210℃_200_1.0mm.csv,1,210,200,4.62898696,2.026435,1.395202105,1.326435,2.002181537,1.99687
034_210℃_200_1.0mm.csv,1,210,200,4.632009857,2.025995,1.397635519,1.325995,2.000269271,1.99672
035_210℃_200_1.0mm.csv,1,210,200,4.632548475,2.02646,1.39489093,1.32646,2.000477935,1.996475
036_210℃_240_1.0mm.csv,1,210,240,4.643837933,2.01137,1.390039404,1.31137,2.000936409,1.983725
037_210℃_240_1.0mm.csv,1,210,240,4.653445385,2.011305,1.390105334,1.311305,2.001111302,1.98344
038_210℃_240_1.0mm.csv,1,210,240,4.655414995,2.010665,1.393973863,1.310665,2.003140975,1.98335
039_210℃_240_1.0mm.csv,1,210,240,4.657468072,2.010575,1.391842377,1.310575,2.003350115,1.98324
040_210℃_240_1.0mm.csv,1,210,240,4.658589293,2.01066,1.392472285,1.31066,2.00335138,1.983375
001_230℃_010_1.0mm.csv,1,230,10,4.411778927,3.46877,1.373255261,2.76876,2.000188731,3.44174
002_230℃_010_1.0mm.csv,1,230,10,4.420278903,3.4636,1.37679323,2.7636,2.000084477,3.43646
003_230℃_010_1.0mm.csv,1,230,10,4.426738801,3.45681,1.377245391,2.75681,2.000083692,3.42973
004_230℃_010_1.0mm.csv,1,230,10,4.429795753,3.46359,1.374210991,2.76359,2.000076756,3.4364
005_230℃_010_1.0mm.csv,1,230,10,4.434284607,3.46861,1.37800702,2.76861,2.000265928,3.44122
006_230℃_020_1.0mm.csv,1,230,20,4.668775045,2.70064,1.372500997,2.00064,2.000042885,2.681325
007_230℃_020_1.0mm.csv,1,230,20,4.685344403,2.69568,1.378958919,1.99568,2.000192942,2.676165
008_230℃_020_1.0mm.csv,1,230,20,4.688695165,2.69555,1.378703773,1.99555,2.000236732,2.67612
009_230℃_020_1.0mm.csv,1,230,20,4.689557311,2.6945,1.377783469,1.9945,2.000001822,2.674965
010_230℃_020_1.0mm.csv,1,230,20,4.691180921,2.69366,1.37944986,1.99366,2.000224063,2.674185
011_230℃_040_1.0mm.csv,1,230,40,4.741194609,2.318255,1.376643749,1.618255,2.000275432,2.30226
012_230℃_040_1.0mm.csv,1,230,40,4.753058358,2.316965,1.380504171,1.616965,2.000767469,2.300905
013_230℃_040_1.0mm.csv,1,230,40,4.757640009,2.317545,1.381236585,1.617545,2.000441796,2.30146
014_230℃_040_1.0mm.csv,1,230,40,4.758446029,2.315265,1.3875864,1.615265,2.000449161,2.299145
015_230℃_040_1.0mm.csv,1,230,40,4.758865506,2.31604,1.38576512,1.61604,2.00082131,2.299965
016_230℃_080_1.0mm.csv,1,230,80,4.803170885,2.13163,1.388832754,1.43163,2.001806606,2.11353
017_230℃_080_1.0mm.csv,1,230,80,4.817172237,2.130735,1.394384477,1.430735,2.002563769,2.11291
018_230℃_080_1.0mm.csv,1,230,80,4.819081553,2.130725,1.396811518,1.430725,2.000243779,2.112765
019_230℃_080_1.0mm.csv,1,230,80,4.821592128,2.13508,1.393463453,1.43508,2.000183387,2.11711
020_230℃_080_1.0mm.csv,1,230,80,4.82150701,2.12961,1.395519471,1.42961,2.000662492,2.1117
021_230℃_120_1.0mm.csv,1,230,120,4.870099518,2.07324,1.397319054,1.37324,2.000587938,2.050705
022_230℃_120_1.0mm.csv,1,230,120,4.884725867,2.076185,1.396574605,1.376185,2.001062879,2.05379
023_230℃_120_1.0mm.csv,1,230,120,4.885679159,2.0717,1.396631615,1.3717,2.000046055,2.04908
024_230℃_120_1.0mm.csv,1,230,120,4.887184406,2.07485,1.396213403,1.37485,2.000342939,2.052735
025_230℃_120_1.0mm.csv,1,230,120,4.887820023,2.071145,1.393893723,1.371145,2.000887419,2.04914
026_230℃_160_1.0mm.csv,1,230,160,4.957347395,2.047805,1.39760411,1.347805,2.000652326,2.016575
027_230℃_160_1.0mm.csv,1,230,160,4.965903572,2.048145,1.396868598,1.348145,2.002731609,2.01704
028_230℃_160_1.0mm.csv,1,230,160,4.965972537,2.04734,1.400291079,1.34734,2.003094076,2.01701
029_230℃_160_1.0mm.csv,1,230,160,4.966114504,2.04778,1.398925359,1.34778,2.002982117,2.01709
030_230℃_160_1.0mm.csv,1,230,160,4.96810278,2.04716,1.398923952,1.34716,2.002029634,2.01649
031_230℃_200_1.0mm.csv,1,230,200,5.006431313,2.02471,1.399550172,1.32471,2.002248619,1.997195
032_230℃_200_1.0mm.csv,1,230,200,5.015141685,2.02458,1.398674479,1.32458,2.002931451,1.997105
033_230℃_200_1.0mm.csv,1,230,200,5.018690956,2.02437,1.398415671,1.32437,2.001856605,1.99644
034_230℃_200_1.0mm.csv,1,230,200,5.018480685,2.023895,1.399766509,1.323895,2.001123929,1.99658
035_230℃_200_1.0mm.csv,1,230,200,5.019447876,2.024075,1.400722207,1.324075,2.000185425,1.996505
036_230℃_240_1.0mm.csv,1,230,240,5.029493859,2.00926,1.400824222,1.30926,2.001622151,1.983735
037_230℃_240_1.0mm.csv,1,230,240,5.042141121,2.0088,1.402907784,1.3088,2.002874189,1.98314
038_230℃_240_1.0mm.csv,1,230,240,5.043866757,2.00858,1.407572434,1.30858,2.00088641,1.98302
039_230℃_240_1.0mm.csv,1,230,240,5.044487249,2.01281,1.401820145,1.31281,2.000328202,1.98712
040_230℃_240_1.0mm.csv,1,230,240,5.04506571,2.009235,1.401613693,1.309235,2.001042329,1.98309
001_190℃_010_1.5mm.csv,1.5,190,10,3.771529109,3.69959,1.343105429,2.99959,2.000217559,3.67063
002_190℃_010_1.5mm.csv,1.5,190,10,3.778268237,3.70002,1.342169318,3.00002,2.00025657,3.67089
003_190℃_010_1.5mm.csv,1.5,190,10,3.780234454,3.69476,1.341290238,2.99476,2.000224125,3.66561
004_190℃_010_1.5mm.csv,1.5,190,10,3.782116621,3.69428,1.344490376,2.99428,2.000224986,3.66507
005_190℃_010_1.5mm.csv,1.5,190,10,3.781294213,3.69054,1.342293231,2.99054,2.000235253,3.66153
006_190℃_020_1.5mm.csv,1.5,190,20,3.816659285,2.81262,1.342759921,2.11262,2.000042617,2.79346
007_190℃_020_1.5mm.csv,1.5,190,20,3.823733821,2.80599,1.34261067,2.10599,2.000244875,2.786705
008_190℃_020_1.5mm.csv,1.5,190,20,3.82615103,2.8127,1.342585263,2.1127,2.000282236,2.79334
009_190℃_020_1.5mm.csv,1.5,190,20,3.827650099,2.80569,1.339824828,2.10569,2.000154844,2.78635
010_190℃_020_1.5mm.csv,1.5,190,20,3.827881325,2.807825,1.341753549,2.107825,2.000046702,2.788685
011_190℃_040_1.5mm.csv,1.5,190,40,3.832291095,2.375215,1.344167452,1.675215,2.000517828,2.3587
012_190℃_040_1.5mm.csv,1.5,190,40,3.839531304,2.37481,1.344999074,1.67481,2.00060028,2.357935
013_190℃_040_1.5mm.csv,1.5,190,40,3.84140466,2.378195,1.344365294,1.678195,2.000826704,2.361575
014_190℃_040_1.5mm.csv,1.5,190,40,3.840983676,2.37429,1.34704592,1.67429,2.000309583,2.357565
015_190℃_040_1.5mm.csv,1.5,190,40,3.84093643,2.374835,1.346436564,1.674835,2.000757962,2.358105
016_190℃_080_1.5mm.csv,1.5,190,80,3.883055502,2.166725,1.346404729,1.466725,2.001090597,2.146405
017_190℃_080_1.5mm.csv,1.5,190,80,3.888007018,2.160975,1.347196592,1.460975,2.000050846,2.1414
018_190℃_080_1.5mm.csv,1.5,190,80,3.891203699,2.161365,1.346131023,1.461365,2.001766821,2.141745
019_190℃_080_1.5mm.csv,1.5,190,80,3.892755013,2.16171,1.34818415,1.46171,2.000913211,2.14161
020_190℃_080_1.5mm.csv,1.5,190,80,3.8922858,2.164415,1.345198369,1.464415,2.000869936,2.14521
021_190℃_120_1.5mm.csv,1.5,190,120,3.94702059,2.11266,1.350939558,1.41266,2.001766311,2.06915
022_190℃_120_1.5mm.csv,1.5,190,120,3.953082875,2.117535,1.351586279,1.417535,2.001912727,2.06824
023_190℃_120_1.5mm.csv,1.5,190,120,3.956020807,2.11428,1.350117782,1.41428,2.001797298,2.06822
024_190℃_120_1.5mm.csv,1.5,190,120,3.955123864,2.114935,1.35343691,1.414935,2.000061112,2.068215
025_190℃_120_1.5mm.csv,1.5,190,120,3.955812081,2.107255,1.348570542,1.407255,2.001350975,2.072235
026_190℃_160_1.5mm.csv,1.5,190,160,4.046158879,2.08263,1.351108061,1.38263,2.000488483,2.03537
027_190℃_160_1.5mm.csv,1.5,190,160,4.049503022,2.0757,1.352348035,1.3757,2.001358063,2.031055
028_190℃_160_1.5mm.csv,1.5,190,160,4.051240098,2.078665,1.356380127,1.378665,2.002336505,2.035295
029_190℃_160_1.5mm.csv,1.5,190,160,4.054420174,2.075445,1.354357296,1.375445,2.000694303,2.030985
030_190℃_160_1.5mm.csv,1.5,190,160,4.053728226,2.075375,1.354630413,1.375375,2.000767938,2.03085
031_190℃_200_1.5mm.csv,1.5,190,200,4.106344449,2.046055,1.356929058,1.346055,2.000556632,2.008795
032_190℃_200_1.5mm.csv,1.5,190,200,4.111221991,2.04992,1.356956328,1.34992,2.000229974,2.012395
033_190℃_200_1.5mm.csv,1.5,190,200,4.113231586,2.046155,1.357846259,1.346155,2.000452007,2.008475
034_190℃_200_1.5mm.csv,1.5,190,200,4.114719018,2.050415,1.356817496,1.350415,2.002312436,2.012615
035_190℃_200_1.5mm.csv,1.5,190,200,4.111739208,2.04604,1.353805188,1.34604,2.000164071,2.008625
036_190℃_240_1.5mm.csv,1.5,190,240,4.137608074,2.028155,1.358792068,1.328155,2.000031968,1.993255
037_190℃_240_1.5mm.csv,1.5,190,240,4.144882539,2.02764,1.356915857,1.32764,2.001750794,1.99307
038_190℃_240_1.5mm.csv,1.5,190,240,4.146400733,2.028025,1.357606789,1.328025,2.001023915,1.99306
039_190℃_240_1.5mm.csv,1.5,190,240,4.148137451,2.028525,1.358397398,1.328525,2.002132055,1.99304
040_190℃_240_1.5mm.csv,1.5,190,240,4.148849471,2.02725,1.359605147,1.32725,2.002233018,1.99313
001_210℃_010_1.5mm.csv,1.5,210,10,4.253674794,3.68608,1.304884591,2.98608,2.000078995,3.64405
002_210℃_010_1.5mm.csv,1.5,210,10,4.260953129,3.68664,1.306107582,2.98664,2.000142635,3.64398
003_210℃_010_1.5mm.csv,1.5,210,10,4.261801736,3.68593,1.310966351,2.98593,2.000135315,3.64333
004_210℃_010_1.5mm.csv,1.5,210,10,4.263343933,3.67326,1.316178092,2.97326,2.00008028,3.6305
005_210℃_010_1.5mm.csv,1.5,210,10,4.26377248,3.67403,1.313660893,2.97402,2.00001378,3.6314
006_210℃_020_1.5mm.csv,1.5,210,20,4.304536983,2.80996,1.307703516,2.10996,2.000138821,2.78474
007_210℃_020_1.5mm.csv,1.5,210,20,4.312079332,2.803735,1.312817698,2.103735,2.000011238,2.77837
008_210℃_020_1.5mm.csv,1.5,210,20,4.313991922,2.80552,1.314770412,2.10552,2.000119289,2.77993
009_210℃_020_1.5mm.csv,1.5,210,20,4.314633123,2.805435,1.314783373,2.10543,2.000159128,2.78002
010_210℃_020_1.5mm.csv,1.5,210,20,4.314649055,2.80576,1.314654671,2.10576,2.000035915,2.78027
011_210℃_040_1.5mm.csv,1.5,210,40,4.31924065,2.373875,1.316262672,1.673875,2.000233672,2.35541
012_210℃_040_1.5mm.csv,1.5,210,40,4.326801903,2.373475,1.31984441,1.673475,2.000209427,2.354875
013_210℃_040_1.5mm.csv,1.5,210,40,4.328242885,2.37229,1.319665067,1.67229,2.000075919,2.35364
014_210℃_040_1.5mm.csv,1.5,210,40,4.327719826,2.37252,1.318539517,1.67252,2.000068021,2.35384
015_210℃_040_1.5mm.csv,1.5,210,40,4.328162637,2.372615,1.323388102,1.672615,2.000355868,2.35406
016_210℃_080_1.5mm.csv,1.5,210,80,4.358174974,2.159,1.324101872,1.459,2.000998892,2.14065
017_210℃_080_1.5mm.csv,1.5,210,80,4.366319176,2.159115,1.328240542,1.459115,2.000204948,2.140675
018_210℃_080_1.5mm.csv,1.5,210,80,4.368284783,2.15819,1.325576707,1.45819,2.000034106,2.139625
019_210℃_080_1.5mm.csv,1.5,210,80,4.367549619,2.158775,1.326956234,1.458775,2.000522721,2.14024
020_210℃_080_1.5mm.csv,1.5,210,80,4.366241172,2.159045,1.327792227,1.459045,2.001707338,2.14072
021_210℃_120_1.5mm.csv,1.5,210,120,4.402876825,2.09228,1.329128565,1.39228,2.001354099,2.068485
022_210℃_120_1.5mm.csv,1.5,210,120,4.410388703,2.09173,1.332318973,1.39173,2.002313556,2.068375
023_210℃_120_1.5mm.csv,1.5,210,120,4.410624895,2.094635,1.335096572,1.394635,2.001059863,2.072195
024_210℃_120_1.5mm.csv,1.5,210,120,4.411525836,2.09082,1.33473485,1.39082,2.002326015,2.06742
025_210℃_120_1.5mm.csv,1.5,210,120,4.412148312,2.09382,1.335673607,1.39382,2.002418181,2.071065
026_210℃_160_1.5mm.csv,1.5,210,160,4.464303049,2.06432,1.336353582,1.36432,2.002451896,2.030985
027_210℃_160_1.5mm.csv,1.5,210,160,4.469189446,2.065495,1.336839707,1.365495,2.000956614,2.03075
028_210℃_160_1.5mm.csv,1.5,210,160,4.46952272,2.065075,1.337416177,1.365075,2.000736973,2.03113
029_210℃_160_1.5mm.csv,1.5,210,160,4.469178834,2.06554,1.338126137,1.36554,2.000144743,2.030655
030_210℃_160_1.5mm.csv,1.5,210,160,4.469370638,2.06579,1.341203829,1.36579,2.00135703,2.031165
031_210℃_200_1.5mm.csv,1.5,210,200,4.517110589,2.04175,1.34263312,1.341745,2.001903976,2.008825
032_210℃_200_1.5mm.csv,1.5,210,200,4.522546117,2.041,1.344561657,1.341,2.001206996,2.00845
033_210℃_200_1.5mm.csv,1.5,210,200,4.525275517,2.04088,1.342595721,1.34088,2.000886423,2.00809
034_210℃_200_1.5mm.csv,1.5,210,200,4.524792413,2.04071,1.349101204,1.34071,2.000999446,2.00801
035_210℃_200_1.5mm.csv,1.5,210,200,4.524678163,2.04049,1.348780431,1.34049,2.000811966,2.008235
036_210℃_240_1.5mm.csv,1.5,210,240,4.548007621,2.023305,1.34128526,1.323305,2.001205393,1.993305
037_210℃_240_1.5mm.csv,1.5,210,240,4.551463136,2.022935,1.338786983,1.322935,2.003143753,1.993645
038_210℃_240_1.5mm.csv,1.5,210,240,4.555493312,2.02261,1.341436227,1.32261,2.001404264,1.992615
039_210℃_240_1.5mm.csv,1.5,210,240,4.556193568,2.02293,1.343676802,1.32293,2.001161767,1.99279
040_210℃_240_1.5mm.csv,1.5,210,240,4.55557958,2.023065,1.345518513,1.323065,2.000948282,1.992875
001_230℃_010_1.5mm.csv,1.5,230,10,4.727274666,3.66599,1.355746917,2.96599,2.000104006,3.60233
002_230℃_010_1.5mm.csv,1.5,230,10,4.734039621,3.66125,1.357546812,2.96125,2.00005609,3.59607
003_230℃_010_1.5mm.csv,1.5,230,10,4.734997433,3.6526,1.360762395,2.9526,2.000070513,3.5876
004_230℃_010_1.5mm.csv,1.5,230,10,4.735753289,3.65986,1.364361261,2.95985,2.000109502,3.59484
005_230℃_010_1.5mm.csv,1.5,230,10,4.735746097,3.65703,1.364179806,2.95703,2.000007705,3.59206
006_230℃_020_1.5mm.csv,1.5,230,20,4.782100383,2.800375,1.356776513,2.100375,2.000063044,2.76381
007_230℃_020_1.5mm.csv,1.5,230,20,4.789302045,2.798015,1.35605262,2.098015,2.00010983,2.761515
008_230℃_020_1.5mm.csv,1.5,230,20,4.790395518,2.7946,1.358646592,2.0946,2.000106687,2.75825
009_230℃_020_1.5mm.csv,1.5,230,20,4.791197825,2.79922,1.357971584,2.099215,2.000096586,2.762735
010_230℃_020_1.5mm.csv,1.5,230,20,4.790914607,2.800755,1.359461398,2.100755,2.000017949,2.764255
011_230℃_040_1.5mm.csv,1.5,230,40,4.79946507,2.37662,1.356989581,1.67662,2.000016584,2.353495
012_230℃_040_1.5mm.csv,1.5,230,40,4.805350481,2.371065,1.360346994,1.671065,2.000110229,2.34796
013_230℃_040_1.5mm.csv,1.5,230,40,4.806859133,2.37146,1.359465835,1.67146,2.000106493,2.34808
014_230℃_040_1.5mm.csv,1.5,230,40,4.806721728,2.370505,1.362927501,1.670505,2.000043734,2.346995
015_230℃_040_1.5mm.csv,1.5,230,40,4.806970565,2.371165,1.360888854,1.671165,2.000200941,2.347575
016_230℃_080_1.5mm.csv,1.5,230,80,4.832836239,2.157325,1.35797724,1.457325,2.000489702,2.13849
017_230℃_080_1.5mm.csv,1.5,230,80,4.838508746,2.15653,1.358540364,1.45653,2.000079518,2.137445
018_230℃_080_1.5mm.csv,1.5,230,80,4.840359834,2.15805,1.360982963,1.45805,2.000547067,2.13859
019_230℃_080_1.5mm.csv,1.5,230,80,4.839675089,2.16101,1.359744704,1.46101,2.00049733,2.142035
020_230℃_080_1.5mm.csv,1.5,230,80,4.839556737,2.1574,1.364414738,1.4574,2.000238978,2.138605
021_230℃_120_1.5mm.csv,1.5,230,120,4.865613486,2.087985,1.355162005,1.387985,2.001888492,2.067355
022_230℃_120_1.5mm.csv,1.5,230,120,4.87175136,2.087015,1.363715298,1.387015,2.00193517,2.066445
023_230℃_120_1.5mm.csv,1.5,230,120,4.873111621,2.08675,1.366042697,1.38675,2.000372262,2.066445
024_230℃_120_1.5mm.csv,1.5,230,120,4.872304807,2.086295,1.364422226,1.386295,2.000426504,2.065775
025_230℃_120_1.5mm.csv,1.5,230,120,4.87371013,2.08733,1.366478709,1.38733,2.000215584,2.066295
026_230℃_160_1.5mm.csv,1.5,230,160,4.907140303,2.05647,1.365157306,1.35647,2.00100048,2.030655
027_230℃_160_1.5mm.csv,1.5,230,160,4.912147179,2.055825,1.367476448,1.355825,2.002724785,2.03034
028_230℃_160_1.5mm.csv,1.5,230,160,4.914469523,2.05583,1.366679958,1.35583,2.0018363,2.030265
029_230℃_160_1.5mm.csv,1.5,230,160,4.915344973,2.05431,1.371510678,1.35431,2.002689284,2.030265
030_230℃_160_1.5mm.csv,1.5,230,160,4.91502418,2.05632,1.369827257,1.35632,2.002666978,2.03028
031_230℃_200_1.5mm.csv,1.5,230,200,4.94985936,2.034965,1.365099033,1.334965,2.001724496,2.007625
032_230℃_200_1.5mm.csv,1.5,230,200,4.954071376,2.034535,1.362890766,1.334535,2.001263322,2.007695
033_230℃_200_1.5mm.csv,1.5,230,200,4.956105954,2.03902,1.368190938,1.33902,2.002496174,2.01128
034_230℃_200_1.5mm.csv,1.5,230,200,4.955661245,2.03579,1.369240191,1.33579,2.001229804,2.008515
035_230℃_200_1.5mm.csv,1.5,230,200,4.956213749,2.0353,1.371243637,1.3353,2.001986799,2.00767
036_230℃_240_1.5mm.csv,1.5,230,240,4.977345383,2.01889,1.369956312,1.31889,2.001821739,1.99221
037_230℃_240_1.5mm.csv,1.5,230,240,4.981186161,2.01901,1.370030853,1.31901,2.000057523,1.991845
038_230℃_240_1.5mm.csv,1.5,230,240,4.983704625,2.019355,1.370250132,1.319355,2.00336798,1.992155
039_230℃_240_1.5mm.csv,1.5,230,240,4.982938303,2.01891,1.37013017,1.31891,2.002346295,1.99204
040_230℃_240_1.5mm.csv,1.5,230,240,4.984553298,2.01842,1.372499284,1.31842,2.000871982,1.99217
001_190℃_010_2.0mm.csv,2,190,10,3.565437538,3.85813,1.350148917,3.15813,2.00008528,3.822055
002_190℃_010_2.0mm.csv,2,190,10,3.561778922,3.850925,1.347891759,3.15092,2.000108763,3.81046
003_190℃_010_2.0mm.csv,2,190,10,3.586294779,3.851905,1.350913948,3.151905,2.000114763,3.81296
004_190℃_010_2.0mm.csv,2,190,10,3.629197008,3.84482,1.359651,3.14482,2.000046637,3.80017
005_190℃_010_2.0mm.csv,2,190,10,3.5789901,3.84497,1.359014659,3.14497,2.000000488,3.79916
006_190℃_020_2.0mm.csv,2,190,20,3.646250532,2.897045,1.352059948,2.197045,2.000133905,2.87093
007_190℃_020_2.0mm.csv,2,190,20,3.679422615,2.88936,1.348722959,2.18936,2.000119112,2.865685
008_190℃_020_2.0mm.csv,2,190,20,3.669069305,2.890975,1.351774913,2.19097,2.00010966,2.866255
009_190℃_020_2.0mm.csv,2,190,20,3.674804577,2.889515,1.347763661,2.189515,2.000170546,2.86294
010_190℃_020_2.0mm.csv,2,190,20,3.679738045,2.887915,1.3493966,2.187915,2.000077595,2.864685
011_190℃_040_2.0mm.csv,2,190,40,3.667815646,2.41839,1.350261412,1.71839,2.000309027,2.398605
012_190℃_040_2.0mm.csv,2,190,40,3.684230278,2.419395,1.3536299,1.719395,2.000178744,2.40011
013_190℃_040_2.0mm.csv,2,190,40,3.673365707,2.42135,1.353439956,1.72135,2.00035336,2.40173
014_190℃_040_2.0mm.csv,2,190,40,3.687202369,2.414705,1.353371218,1.714705,2.000080029,2.39574
015_190℃_040_2.0mm.csv,2,190,40,3.687421632,2.414415,1.356195351,1.71441,2.000152633,2.396475
016_190℃_080_2.0mm.csv,2,190,80,3.710502125,2.17987,1.347775689,1.47987,2.000088939,2.16237
017_190℃_080_2.0mm.csv,2,190,80,3.717520591,2.17899,1.353062902,1.47899,2.001233533,2.161455
018_190℃_080_2.0mm.csv,2,190,80,3.718067583,2.179,1.35484859,1.479,2.001126233,2.161955
019_190℃_080_2.0mm.csv,2,190,80,3.716487625,2.178395,1.357701383,1.478395,2.000270976,2.161345
020_190℃_080_2.0mm.csv,2,190,80,3.716398531,2.178945,1.353729198,1.478945,2.000851611,2.16191
021_190℃_120_2.0mm.csv,2,190,120,3.739549467,2.102735,1.349799796,1.402735,2.000159864,2.0826
022_190℃_120_2.0mm.csv,2,190,120,3.746054797,2.10148,1.349164142,1.40148,2.001022185,2.08207
023_190℃_120_2.0mm.csv,2,190,120,3.748185328,2.10093,1.349494138,1.40093,2.001730952,2.081905
024_190℃_120_2.0mm.csv,2,190,120,3.754378935,2.101505,1.347600787,1.4015,2.000341641,2.08246
025_190℃_120_2.0mm.csv,2,190,120,3.750508172,2.10185,1.350441908,1.40185,2.001600952,2.08211
026_190℃_160_2.0mm.csv,2,190,160,3.784167632,2.075905,1.355083242,1.375905,2.001202291,2.04222
027_190℃_160_2.0mm.csv,2,190,160,3.788692605,2.07903,1.349863402,1.37903,2.000674393,2.04219
028_190℃_160_2.0mm.csv,2,190,160,3.789866265,2.08232,1.354791666,1.38232,2.001090888,2.04598
029_190℃_160_2.0mm.csv,2,190,160,3.791900385,2.076715,1.352348993,1.376715,2.000341156,2.04201
030_190℃_160_2.0mm.csv,2,190,160,3.791286765,2.075055,1.353512837,1.375055,2.00029385,2.042125
031_190℃_200_2.0mm.csv,2,190,200,3.839144276,2.06251,1.34922841,1.36251,2.001860128,2.02159
032_190℃_200_2.0mm.csv,2,190,200,3.842880625,2.057895,1.353363775,1.357895,2.000229744,2.01739
033_190℃_200_2.0mm.csv,2,190,200,3.843717243,2.058615,1.353002747,1.358615,2.001165792,2.017305
034_190℃_200_2.0mm.csv,2,190,200,3.846155529,2.058135,1.35654027,1.358135,2.001167968,2.01737
035_190℃_200_2.0mm.csv,2,190,200,3.84693304,2.05863,1.35774744,1.35863,2.000387176,2.017295
036_190℃_240_2.0mm.csv,2,190,240,3.877946952,2.03694,1.355120059,1.33694,2.000280794,2.000645
037_190℃_240_2.0mm.csv,2,190,240,3.881311031,2.03937,1.353979528,1.33937,2.001496829,2.000875
038_190℃_240_2.0mm.csv,2,190,240,3.880755374,2.03633,1.361043135,1.33633,2.001270634,2.000765
039_190℃_240_2.0mm.csv,2,190,240,3.880860333,2.036775,1.357777536,1.336775,2.001375158,2.000385
040_190℃_240_2.0mm.csv,2,190,240,3.88248672,2.03699,1.359385916,1.33699,2.000335922,2.000925
001_210℃_010_2.0mm.csv,2,210,10,4.117240383,3.82897,1.354142602,3.12897,2.000048218,3.766295
002_210℃_010_2.0mm.csv,2,210,10,4.08347403,3.82987,1.352104738,3.12987,2.000024027,3.767335
003_210℃_010_2.0mm.csv,2,210,10,4.115428934,3.819915,1.354530455,3.119915,2.000017856,3.756
004_210℃_010_2.0mm.csv,2,210,10,4.154296755,3.81542,1.356490673,3.11542,2.000022815,3.752815
005_210℃_010_2.0mm.csv,2,210,10,4.142736958,3.809365,1.359355076,3.109365,2.000020632,3.744155
006_210℃_020_2.0mm.csv,2,210,20,4.166752761,2.88537,1.34484746,2.18537,2.000084343,2.850635
007_210℃_020_2.0mm.csv,2,210,20,4.169302523,2.877145,1.348205718,2.177145,2.00007755,2.84182
008_210℃_020_2.0mm.csv,2,210,20,4.161031834,2.880815,1.348150497,2.18081,2.000034524,2.8431
009_210℃_020_2.0mm.csv,2,210,20,4.150115454,2.882335,1.34901566,2.182335,2.000055331,2.847035
010_210℃_020_2.0mm.csv,2,210,20,4.144729745,2.883155,1.353133098,2.183155,2.000093938,2.845995
011_210℃_040_2.0mm.csv,2,210,40,4.165137294,2.41267,1.3473328,1.71267,2.000138814,2.389015
012_210℃_040_2.0mm.csv,2,210,40,4.162364325,2.412385,1.347262519,1.712385,2.00027933,2.39133
013_210℃_040_2.0mm.csv,2,210,40,4.166408152,2.412285,1.35316208,1.712285,2.000120249,2.392165
014_210℃_040_2.0mm.csv,2,210,40,4.172523353,2.410755,1.352604504,1.71075,2.000139437,2.3889
015_210℃_040_2.0mm.csv,2,210,40,4.173759128,2.41054,1.353848822,1.71054,2.000058839,2.387875
016_210℃_080_2.0mm.csv,2,210,80,4.192175547,2.177565,1.354366637,1.477565,2.000413033,2.159465
017_210℃_080_2.0mm.csv,2,210,80,4.201979322,2.17654,1.355575211,1.47654,2.000279981,2.15849
018_210℃_080_2.0mm.csv,2,210,80,4.196823797,2.180735,1.354084324,1.480735,2.000034211,2.16291
019_210℃_080_2.0mm.csv,2,210,80,4.19809184,2.175845,1.356397072,1.475845,2.000365774,2.15792
020_210℃_080_2.0mm.csv,2,210,80,4.197180343,2.17549,1.35371217,1.47549,2.000527875,2.157505
021_210℃_120_2.0mm.csv,2,210,120,4.216337884,2.099055,1.353016694,1.399055,2.000485879,2.080325
022_210℃_120_2.0mm.csv,2,210,120,4.222373549,2.098635,1.355966006,1.398635,2.001450895,2.080075
023_210℃_120_2.0mm.csv,2,210,120,4.223171886,2.10236,1.355261249,1.40236,2.001209756,2.083905
024_210℃_120_2.0mm.csv,2,210,120,4.224162844,2.09819,1.358355893,1.39819,2.000658175,2.07953
025_210℃_120_2.0mm.csv,2,210,120,4.224080388,2.098725,1.358424524,1.39872,2.000918031,2.08
026_210℃_160_2.0mm.csv,2,210,160,4.245840198,2.061515,1.35631499,1.361515,2.001710002,2.040095
027_210℃_160_2.0mm.csv,2,210,160,4.252205137,2.06082,1.354653786,1.36082,2.001702852,2.04001
028_210℃_160_2.0mm.csv,2,210,160,4.253363465,2.06162,1.355769025,1.36162,2.001030648,2.040225
029_210℃_160_2.0mm.csv,2,210,160,4.253900954,2.06161,1.357852211,1.36161,2.00191406,2.04032
030_210℃_160_2.0mm.csv,2,210,160,4.253135667,2.06183,1.355842614,1.36183,2.000552922,2.040265
031_210℃_200_2.0mm.csv,2,210,200,4.283710591,2.04723,1.356309928,1.34723,2.000445672,2.01622
032_210℃_200_2.0mm.csv,2,210,200,4.287116528,2.04698,1.355540045,1.34698,2.001397441,2.01584
033_210℃_200_2.0mm.csv,2,210,200,4.289322917,2.04659,1.356326721,1.34659,2.001951338,2.01533
034_210℃_200_2.0mm.csv,2,210,200,4.288987141,2.0458,1.356072257,1.3458,2.000287301,2.015815
035_210℃_200_2.0mm.csv,2,210,200,4.288781756,2.046915,1.359008974,1.346915,2.000805921,2.01567
036_210℃_240_2.0mm.csv,2,210,240,4.315891063,2.02911,1.350500985,1.32911,2.002459719,1.99916
037_210℃_240_2.0mm.csv,2,210,240,4.319529336,2.028645,1.356905019,1.328645,2.001806469,1.99886
038_210℃_240_2.0mm.csv,2,210,240,4.321232124,2.03257,1.356079436,1.33257,2.000982948,2.0033
039_210℃_240_2.0mm.csv,2,210,240,4.319787682,2.031515,1.357102967,1.331515,2.00136727,1.99909
040_210℃_240_2.0mm.csv,2,210,240,4.321629295,2.029895,1.360328767,1.329895,2.000357876,1.998725
001_230℃_010_2.0mm.csv,2,230,10,4.56649353,3.804075,1.356761141,3.10407,2.00000978,3.71406
002_230℃_010_2.0mm.csv,2,230,10,4.619589137,3.8183,1.360734739,3.1183,2.000004843,3.72803
003_230℃_010_2.0mm.csv,2,230,10,4.608466769,3.80273,1.361070717,3.10273,2.000032748,3.71129
004_230℃_010_2.0mm.csv,2,230,10,4.608886384,3.803595,1.361445236,3.103595,2.000002755,3.711875
005_230℃_010_2.0mm.csv,2,230,10,4.607698485,3.81004,1.365932612,3.11004,2.000007899,3.717695
006_230℃_020_2.0mm.csv,2,230,20,4.605701006,2.87763,1.341445464,2.17763,2.000067113,2.825145
007_230℃_020_2.0mm.csv,2,230,20,4.607924432,2.87338,1.345144464,2.173375,2.00006987,2.82202
008_230℃_020_2.0mm.csv,2,230,20,4.626059697,2.86926,1.342460806,2.16926,2.000045515,2.821875
009_230℃_020_2.0mm.csv,2,230,20,4.628463851,2.86965,1.347440784,2.169645,2.000059715,2.822465
010_230℃_020_2.0mm.csv,2,230,20,4.598956332,2.872495,1.350530113,2.172495,2.00000357,2.821005
011_230℃_040_2.0mm.csv,2,230,40,4.62357437,2.408455,1.345062739,1.708455,2.000036268,2.380105
012_230℃_040_2.0mm.csv,2,230,40,4.635222935,2.40747,1.346573418,1.70747,2.000050235,2.379405
013_230℃_040_2.0mm.csv,2,230,40,4.611819326,2.41204,1.348665002,1.71204,2.000082217,2.383645
014_230℃_040_2.0mm.csv,2,230,40,4.608628641,2.408125,1.347958205,1.708125,2.000033582,2.379995
015_230℃_040_2.0mm.csv,2,230,40,4.625778225,2.406445,1.350503769,1.706445,2.000150384,2.378575
016_230℃_080_2.0mm.csv,2,230,80,4.642076127,2.175645,1.342777796,1.475645,2.000325252,2.156235
017_230℃_080_2.0mm.csv,2,230,80,4.651529162,2.178135,1.345960776,1.478135,2.000112881,2.158895
018_230℃_080_2.0mm.csv,2,230,80,4.651079604,2.17399,1.346147647,1.47399,2.000461884,2.155245
019_230℃_080_2.0mm.csv,2,230,80,4.64865875,2.173235,1.344191336,1.473235,2.000313484,2.154335
020_230℃_080_2.0mm.csv,2,230,80,4.649476069,2.173755,1.347640079,1.473755,2.000055787,2.154725
021_230℃_120_2.0mm.csv,2,230,120,4.663728219,2.097915,1.343977963,1.397915,2.000160398,2.079275
022_230℃_120_2.0mm.csv,2,230,120,4.664855598,2.095085,1.34200569,1.395085,2.000302333,2.0765
023_230℃_120_2.0mm.csv,2,230,120,4.687321874,2.095145,1.348047525,1.395145,2.000723203,2.076875
024_230℃_120_2.0mm.csv,2,230,120,4.681381889,2.09625,1.34414531,1.39625,2.000621054,2.0784
025_230℃_120_2.0mm.csv,2,230,120,4.674668987,2.09687,1.347844104,1.39687,2.000164836,2.078285
026_230℃_160_2.0mm.csv,2,230,160,4.693930669,2.05921,1.341769766,1.35921,2.002425036,2.04
027_230℃_160_2.0mm.csv,2,230,160,4.705487938,2.0584,1.344472476,1.3584,2.000271399,2.03918
028_230℃_160_2.0mm.csv,2,230,160,4.699382594,2.059345,1.346361647,1.359345,2.000101278,2.039495
029_230℃_160_2.0mm.csv,2,230,160,4.706379998,2.05758,1.346849272,1.35758,2.000184882,2.039185
030_230℃_160_2.0mm.csv,2,230,160,4.693313219,2.05812,1.348232132,1.35812,2.000957927,2.0384
031_230℃_200_2.0mm.csv,2,230,200,4.715520437,2.03812,1.347691258,1.33812,2.002307045,2.015195
032_230℃_200_2.0mm.csv,2,230,200,4.725690728,2.040185,1.346548185,1.340185,2.000477721,2.01895
033_230℃_200_2.0mm.csv,2,230,200,4.724598139,2.03602,1.349138948,1.33602,2.002439887,2.014925
034_230℃_200_2.0mm.csv,2,230,200,4.728715628,2.03976,1.348557712,1.33976,2.001121062,2.019025
035_230℃_200_2.0mm.csv,2,230,200,4.71942113,2.03733,1.348365251,1.33733,2.000531343,2.01469
036_230℃_240_2.0mm.csv,2,230,240,4.742930511,2.02243,1.341750745,1.322425,2.000498549,1.99899
037_230℃_240_2.0mm.csv,2,230,240,4.753230848,2.024165,1.345060666,1.324165,2.002172917,1.998395
038_230℃_240_2.0mm.csv,2,230,240,4.749666296,2.021935,1.345499949,1.321935,2.00276761,1.99861
039_230℃_240_2.0mm.csv,2,230,240,4.75438642,2.02329,1.347409473,1.32329,2.000279898,1.998565
040_230℃_240_2.0mm.csv,2,230,240,4.742685289,2.02437,1.351691791,1.32437,2.000400453,1.998855
