元ファイル,キャビティ厚み[mm],加熱シリンダ温度[℃],射出速度[mm/s],(1)HA-V05_最高値(V),(1)HA-V05_最高値の時間(s),(1)HA-V05_0.7秒前の値(V),(1)HA-V05_0.7秒前の時間(s),(1)HA-V05_立ち上がり値(V),(1)HA-V05_立ち上がり時間(s)
001_190℃_280_0.5mm.csv,0.5,190,280,4.382327501998544,2.011715,1.3338711149034659,1.3117150000000002,2.0017252803175425,1.9823950000000001
002_190℃_280_0.5mm.csv,0.5,190,280,4.419390126804065,2.009185,1.3361613279194469,1.309185,2.000006701097128,1.980995
003_190℃_280_0.5mm.csv,0.5,190,280,4.4169765036287725,2.00848,1.3323730228536528,1.30848,2.0000427596233057,1.98046
004_190℃_320_0.5mm.csv,0.5,190,320,4.401855056333527,2.0051750000000004,1.331158902659638,1.3051750000000002,2.0003731525418695,1.9744850000000003
005_190℃_320_0.5mm.csv,0.5,190,320,4.393869824169014,2.0013750000000003,1.332082798168677,1.3013750000000002,2.0006759448245774,1.9742050000000002
006_190℃_320_0.5mm.csv,0.5,190,320,4.420527196605107,1.9989150000000002,1.3338332525144252,1.298915,2.001671880951175,1.9732600000000002
001_210℃_280_0.5mm.csv,0.5,210,280,4.775355938044011,2.004585,1.3410412663009847,1.304585,2.0008374353014373,1.978285
002_210℃_280_0.5mm.csv,0.5,210,280,4.796312303896244,2.00807,1.343260797043019,1.30807,2.0015360239262283,1.9814950000000002
003_210℃_280_0.5mm.csv,0.5,210,280,4.793853146974726,2.0039350000000002,1.3438426790055762,1.303935,2.0013040349530455,1.9780200000000001
004_210℃_320_0.5mm.csv,0.5,210,320,4.776297662280779,1.995065,1.3439576883602251,1.2950650000000001,2.002761527687994,1.97103
005_210℃_320_0.5mm.csv,0.5,210,320,4.781928023787789,1.9956500000000001,1.3417058579692447,1.2956500000000002,2.002906911207862,1.9709100000000002
006_210℃_320_0.5mm.csv,0.5,210,320,4.80501346511263,1.9933400000000001,1.3430445647337006,1.2933400000000002,2.002680120398853,1.9700050000000002
001_230℃_280_0.5mm.csv,0.5,230,280,5.106698958911544,2.00545,1.341914952531899,1.30545,2.001100956574718,1.9778550000000001
002_230℃_280_0.5mm.csv,0.5,230,280,5.121645424428417,2.004925,1.340061933106743,1.3049250000000001,2.0045149012454666,1.9773250000000002
003_230℃_280_0.5mm.csv,0.5,230,280,5.114766763957329,2.00603,1.3454597060606295,1.30603,2.00034392485578,1.9776300000000002
004_230℃_320_0.5mm.csv,0.5,230,320,5.098199246372553,1.9987000000000001,1.3407034844437877,1.2987000000000002,2.0009851025400085,1.970935
005_230℃_320_0.5mm.csv,0.5,230,320,5.112169586432094,1.997505,1.3384413412834706,1.2975050000000001,2.002881190282543,1.9706450000000002
006_230℃_320_0.5mm.csv,0.5,230,320,5.1101285973603225,1.9969400000000002,1.3378255723783978,1.2969400000000002,2.0027306059073324,1.9707900000000003
001_190℃_280_1.0mm.csv,1.0,190,280,4.265494674001682,2.0013650000000003,1.3532061448288348,1.301365,2.0001168733364496,1.97463
002_190℃_280_1.0mm.csv,1.0,190,280,4.280525750292503,2.0047300000000003,1.3547195486226584,1.3047300000000002,2.00058481580861,1.9782400000000002
003_190℃_280_1.0mm.csv,1.0,190,280,4.281436785055157,2.001205,1.3566377720427496,1.3012050000000002,2.0000541786304296,1.9742100000000002
004_190℃_320_1.0mm.csv,1.0,190,320,4.287430389993741,1.991845,1.3478121045022113,1.2918450000000001,2.0018862965444573,1.9665050000000002
005_190℃_320_1.0mm.csv,1.0,190,320,4.295219938883939,1.9918950000000002,1.3557883154734043,1.291895,2.00055930611549,1.966525
006_190℃_320_1.0mm.csv,1.0,190,320,4.294634662539706,1.9929550000000003,1.3593566132706945,1.292955,2.0001513217140525,1.9666700000000001
001_210℃_280_1.0mm.csv,1.0,210,280,4.656839796306377,2.0008250000000003,1.3877949592817693,1.3008250000000001,2.002871001582057,1.9738250000000002
002_210℃_280_1.0mm.csv,1.0,210,280,4.668476719494087,2.00008,1.3926037714415576,1.3000800000000001,2.0022784152041964,1.97334
003_210℃_280_1.0mm.csv,1.0,210,280,4.67157953340391,2.000135,1.3902132169588286,1.300135,2.000974570197737,1.973205
004_210℃_320_1.0mm.csv,1.0,210,320,4.664663915340761,1.9964300000000001,1.382782998701689,1.2964300000000002,2.0014299328647245,1.9702250000000001
005_210℃_320_1.0mm.csv,1.0,210,320,4.675947103818594,1.9924100000000002,1.3875230567173373,1.29241,2.0029957547228534,1.9659700000000002
006_210℃_320_1.0mm.csv,1.0,210,320,4.6762748746154985,1.9919900000000001,1.3882793668570397,1.2919900000000002,2.000038670906154,1.966085
001_230℃_280_1.0mm.csv,1.0,230,280,5.041628615875364,1.9996600000000002,1.3975470974495732,1.29966,2.0032128517586045,1.9733900000000002
002_230℃_280_1.0mm.csv,1.0,230,280,5.054437489972624,1.998385,1.396948642122447,1.2983850000000001,2.0039775542565095,1.97293
003_230℃_280_1.0mm.csv,1.0,230,280,5.058878308747581,1.9977200000000002,1.4000091155123615,1.2977200000000002,2.0001996797449846,1.9726100000000002
004_230℃_320_1.0mm.csv,1.0,230,320,5.053081842376473,1.9908100000000002,1.3962634705630916,1.29081,2.0014997230324107,1.9658300000000002
005_230℃_320_1.0mm.csv,1.0,230,320,5.0641486500656345,1.9902050000000002,1.3986081788955977,1.290205,2.0019608513635867,1.9657200000000001
006_230℃_320_1.0mm.csv,1.0,230,320,5.0642197320753946,1.9940200000000001,1.3968222506740051,1.2940200000000002,2.0028901627405253,1.96961
001_190℃_003_1.5mm.csv,1.5,190,3,3.0970675873106255,12.68758,2.794099568651287,11.987580000000001,2.0001076344975375,8.15278
002_190℃_003_1.5mm.csv,1.5,190,3,3.121469921996621,12.693460000000002,2.7909590777426643,11.99346,2.0003058615876435,8.10452
003_190℃_003_1.5mm.csv,1.5,190,3,3.2412628323255697,12.691860000000002,2.8110024710975967,11.99186,2.0000179265116715,8.10574
004_190℃_005_1.5mm.csv,1.5,190,5,3.479234194741862,5.544560000000001,1.3468295508949077,4.84456,2.000186098424479,5.500780000000001
005_190℃_005_1.5mm.csv,1.5,190,5,3.486460645980121,5.53242,1.3444315149283521,4.832400000000001,2.000176105285832,5.48852
006_190℃_005_1.5mm.csv,1.5,190,5,3.4900746935499782,5.55264,1.349449165014673,4.85264,2.0002113595494118,5.508500000000001
007_190℃_280_1.5mm.csv,1.5,190,280,4.161735254377464,2.01987,1.3582518846543192,1.31987,2.001610834570607,1.98601
008_190℃_280_1.5mm.csv,1.5,190,280,4.168423440432393,2.01575,1.3580588287091686,1.3157500000000002,2.001164591296741,1.9817350000000002
009_190℃_280_1.5mm.csv,1.5,190,280,4.170770644158697,2.016985,1.3618230830297962,1.316985,2.000948968162058,1.981675
010_190℃_320_1.5mm.csv,1.5,190,320,4.172827838504694,2.006945,1.3571661197155551,1.306945,2.000613463069225,1.9732850000000002
011_190℃_320_1.5mm.csv,1.5,190,320,4.176539299714254,2.00523,1.3577229267455102,1.3052300000000001,2.001971667296776,1.97303
012_190℃_320_1.5mm.csv,1.5,190,320,4.17992742590338,2.0064100000000002,1.3583768804472978,1.30641,2.001598739610094,1.973065
001_210℃_003_1.5mm.csv,1.5,210,3,3.3014341606100817,8.1393,1.312894834373891,7.4393,2.0001278346358142,8.07496
002_210℃_003_1.5mm.csv,1.5,210,3,3.319812873688894,8.08642,1.313130610131524,7.38642,2.0001240085756735,8.020420000000001
003_210℃_003_1.5mm.csv,1.5,210,3,3.330105646190495,8.094660000000001,1.3147977209413322,7.394660000000001,2.0001275443337594,8.02838
004_210℃_005_1.5mm.csv,1.5,210,5,3.926320358547785,5.5032000000000005,1.3144969036254897,4.8032,2.0001136994672146,5.4401
005_210℃_005_1.5mm.csv,1.5,210,5,3.9353121409226555,5.4968200000000005,1.3194619615657426,4.79682,2.000193659148953,5.43306
006_210℃_005_1.5mm.csv,1.5,210,5,3.9370303881109883,5.49066,1.320424106492759,4.790640000000001,2.000057527886766,5.4271
007_210℃_280_1.5mm.csv,1.5,210,280,4.5665984669623585,2.01221,1.3386555668829256,1.31221,2.000976319413215,1.9813200000000002
008_210℃_280_1.5mm.csv,1.5,210,280,4.5732140545517295,2.0097850000000004,1.3407850777154782,1.3097850000000002,2.00248234773846,1.9811400000000001
009_210℃_280_1.5mm.csv,1.5,210,280,4.574687304299135,2.01018,1.342053312196278,1.3101800000000001,2.000275546807114,1.98137
010_210℃_320_1.5mm.csv,1.5,210,320,4.574864281807679,2.0026800000000002,1.3382908735699295,1.30268,2.0025924551200878,1.9731500000000002
011_210℃_320_1.5mm.csv,1.5,210,320,4.581789271161373,2.0026,1.3401124349723237,1.3026000000000002,2.0027152721888357,1.9728700000000001
012_210℃_320_1.5mm.csv,1.5,210,320,4.585560185484665,2.00135,1.3410565885785513,1.30135,2.0028886314805536,1.9726650000000001
001_230℃_003_1.5mm.csv,1.5,230,3,3.7236033070654524,7.98256,1.3959404633219386,7.282540000000001,2.000134165748302,7.886960000000001
002_230℃_003_1.5mm.csv,1.5,230,3,3.738385509282234,7.960940000000001,1.3985188804038036,7.260940000000001,2.0000496369625838,7.864440000000001
003_230℃_003_1.5mm.csv,1.5,230,3,3.742960522950498,7.943840000000001,1.3969791370860873,7.2438400000000005,2.0000083280678584,7.847460000000001
004_230℃_005_1.5mm.csv,1.5,230,5,4.388141601572128,5.4329,1.3840668353545447,4.732880000000001,2.0000123231799405,5.3314200000000005
005_230℃_005_1.5mm.csv,1.5,230,5,4.392126126277608,5.417260000000001,1.3853317810952814,4.7172600000000005,2.0000728038219537,5.31446
006_230℃_005_1.5mm.csv,1.5,230,5,4.393429154111668,5.4175,1.3880640803156008,4.7175,2.000112484577229,5.31484
007_230℃_280_1.5mm.csv,1.5,230,280,4.990835731100912,2.0080400000000003,1.364173525826266,1.30804,2.0036909407035006,1.9813200000000002
008_230℃_280_1.5mm.csv,1.5,230,280,4.9969157503210795,2.007285,1.3675979936282054,1.307285,2.0023769761738412,1.9811400000000001
009_230℃_280_1.5mm.csv,1.5,230,280,4.998514491385714,2.00687,1.3654433426118657,1.3068700000000002,2.0026109976598274,1.9809500000000002
010_230℃_320_1.5mm.csv,1.5,230,320,5.000874066241409,1.9982100000000003,1.3662844783881523,1.29821,2.001886549715597,1.9724100000000002
011_230℃_320_1.5mm.csv,1.5,230,320,5.004842685613868,2.0020200000000004,1.3673625575064676,1.3020200000000002,2.001349451000503,1.976455
012_230℃_320_1.5mm.csv,1.5,230,320,5.004117480354202,1.9985700000000002,1.3680904714474944,1.29857,2.0013568492407887,1.9727700000000001
001_190℃_003_2.0mm.csv,2.0,190,3,2.9680487189422045,8.61259,1.390966417377968,7.912590000000001,2.000038793115785,8.507890000000002
002_190℃_003_2.0mm.csv,2.0,190,3,2.992528909553547,8.610155,1.384304088857661,7.9101550000000005,2.0000023589318348,8.498735
003_190℃_003_2.0mm.csv,2.0,190,3,2.9914165983395806,8.600060000000001,1.3924738815082471,7.900060000000001,2.0000226029855654,8.482235000000001
004_190℃_005_2.0mm.csv,2.0,190,5,3.3615124594582606,5.84421,1.3678220182837204,5.14421,2.000015935920208,5.76079
005_190℃_005_2.0mm.csv,2.0,190,5,3.391726213169216,5.843780000000001,1.3677323110563104,5.1437800000000005,2.0000049995956544,5.757300000000001
006_190℃_005_2.0mm.csv,2.0,190,5,3.400210325089231,5.835625,1.3689174119219658,5.135625,2.0000334495494925,5.750775000000001
007_190℃_280_2.0mm.csv,2.0,190,280,3.9044063479716473,2.023825,1.3573912375231405,1.323825,2.0012120542967318,1.9885650000000001
008_190℃_280_2.0mm.csv,2.0,190,280,3.906392718982118,2.0232,1.3622267925402483,1.3232000000000002,2.0008892522947024,1.9886150000000002
009_190℃_280_2.0mm.csv,2.0,190,280,3.905925252687253,2.0230900000000003,1.3554892763979454,1.32309,2.0020794919666898,1.9884800000000002
010_190℃_320_2.0mm.csv,2.0,190,320,3.9168406446354513,2.0125450000000003,1.3587260235578646,1.312545,2.0007854610720175,1.9792800000000002
011_190℃_320_2.0mm.csv,2.0,190,320,3.9225412431571494,2.013265,1.3574100949067034,1.3132650000000001,2.002131283829018,1.97913
012_190℃_320_2.0mm.csv,2.0,190,320,3.9249908927599395,2.01371,1.3596304802730048,1.3137100000000002,2.001661463472332,1.9788100000000002
001_210℃_003_2.0mm.csv,2.0,210,3,3.59287580348143,8.499455000000001,1.4178073148451105,7.799455000000001,2.00001216859447,8.360745000000001
002_210℃_003_2.0mm.csv,2.0,210,3,3.4051065161638885,8.451315000000001,1.400667406669172,7.751315000000001,2.000006665461532,8.312570000000001
003_210℃_003_2.0mm.csv,2.0,210,3,3.4088585272404552,8.473585,1.4111081631281828,7.773580000000001,2.0000166678683664,8.32699
004_210℃_005_2.0mm.csv,2.0,210,5,3.8121836514758427,5.785355000000001,1.389963593099648,5.085355000000001,2.0000219140104205,5.663645000000001
005_210℃_005_2.0mm.csv,2.0,210,5,3.8380188079350583,5.79928,1.3869066501920748,5.09928,2.0000189546536142,5.674695000000001
006_210℃_005_2.0mm.csv,2.0,210,5,3.8255953018686943,5.789235000000001,1.3904820310037873,5.089235,2.0000103835327443,5.666300000000001
007_210℃_280_2.0mm.csv,2.0,210,280,4.338273580211987,2.0155800000000004,1.351861554460761,1.3155800000000002,2.0009678821180987,1.9868850000000002
008_210℃_280_2.0mm.csv,2.0,210,280,4.342145030815721,2.016905,1.3553445239118795,1.3169000000000002,2.000817678860329,1.9868700000000001
009_210℃_280_2.0mm.csv,2.0,210,280,4.3474565286731375,2.01492,1.3583215790588552,1.31492,2.002462959606462,1.9869100000000002
010_210℃_320_2.0mm.csv,2.0,210,320,4.353506793308825,2.004715,1.3550864198858057,1.304715,2.0011773101333583,1.977505
011_210℃_320_2.0mm.csv,2.0,210,320,4.356992695638532,2.0063150000000003,1.355937355536993,1.3063150000000001,2.0023172632513653,1.9774800000000001
012_210℃_320_2.0mm.csv,2.0,210,320,4.355523586421517,2.00613,1.353605691690146,1.30613,2.0027675660756876,1.9777850000000001
001_230℃_003_2.0mm.csv,2.0,230,3,3.7999824506835846,8.403590000000001,1.4681245150592392,7.703590000000001,2.0000079012326593,8.200075
002_230℃_003_2.0mm.csv,2.0,230,3,4.029316081913571,8.360420000000001,1.4848791607635257,7.66042,2.000005763720931,8.14705
003_230℃_003_2.0mm.csv,2.0,230,3,3.802993889566807,8.4349,1.4675230627928009,7.7349000000000006,2.0000093837667463,8.219505
004_230℃_005_2.0mm.csv,2.0,230,5,4.3196956595878255,5.756355,1.4316393672643979,5.05635,2.0000042954044615,5.571025000000001
005_230℃_005_2.0mm.csv,2.0,230,5,4.318883977181967,5.726675,1.4068044621919757,5.026675,2.0000091097485355,5.567620000000001
006_230℃_005_2.0mm.csv,2.0,230,5,4.330746110864893,5.7322750000000005,1.43359361623922,5.032275,2.0000109682704768,5.550015
007_230℃_280_2.0mm.csv,2.0,230,280,4.773611854079849,2.0103950000000004,1.3371947121676295,1.3103950000000002,2.0012527089086243,1.9870700000000001
008_230℃_280_2.0mm.csv,2.0,230,280,4.767955700583364,2.0108300000000003,1.3398668239425044,1.3108300000000002,2.000980309636041,1.9863350000000002
009_230℃_280_2.0mm.csv,2.0,230,280,4.771421116243412,2.01329,1.336969685740517,1.31329,2.002552841809238,1.9899350000000002
010_230℃_320_2.0mm.csv,2.0,230,320,4.778245763953715,2.0018700000000003,1.3402039279916549,1.30187,2.0020207927878353,1.97751
011_230℃_320_2.0mm.csv,2.0,230,320,4.782905926222907,2.0008600000000003,1.3392900288531526,1.3008600000000001,2.002111933009712,1.9769150000000002
012_230℃_320_2.0mm.csv,2.0,230,320,4.784425624944538,2.00063,1.3402742007697965,1.3006300000000002,2.0011338819510356,1.9771150000000002
